{
  "id": "1749711",
  "name": "tb_icon",
  "font_family": "iconfont",
  "css_prefix_text": "icon-",
  "description": "",
  "glyphs": [
    {
      "icon_id": "1633388",
      "name": "位置",
      "font_class": "weizhi",
      "unicode": "e60d",
      "unicode_decimal": 58893
    },
    {
      "icon_id": "3194087",
      "name": "日历",
      "font_class": "rili-y",
      "unicode": "e60f",
      "unicode_decimal": 58895
    },
    {
      "icon_id": "6843748",
      "name": "右箭头",
      "font_class": "youjiantou",
      "unicode": "e610",
      "unicode_decimal": 58896
    },
    {
      "icon_id": "10815221",
      "name": "导航栏_往返箭头",
      "font_class": "daohanglan_wangfanjiantou",
      "unicode": "e616",
      "unicode_decimal": 58902
    },
    {
      "icon_id": "10951796",
      "name": "淘宝",
      "font_class": "taobao",
      "unicode": "e612",
      "unicode_decimal": 58898
    },
    {
      "icon_id": "1360111",
      "name": "酒店 (1)",
      "font_class": "jiudian",
      "unicode": "e6ae",
      "unicode_decimal": 59054
    },
    {
      "icon_id": "3502123",
      "name": "淘宝",
      "font_class": "taobao2",
      "unicode": "e606",
      "unicode_decimal": 58886
    },
    {
      "icon_id": "3635983",
      "name": "理财",
      "font_class": "licai-b",
      "unicode": "e607",
      "unicode_decimal": 58887
    },
    {
      "icon_id": "5234182",
      "name": "支付宝",
      "font_class": "umidd17",
      "unicode": "e608",
      "unicode_decimal": 58888
    },
    {
      "icon_id": "5788671",
      "name": "充话费",
      "font_class": "chonghuafei",
      "unicode": "e776",
      "unicode_decimal": 59254
    },
    {
      "icon_id": "10388980",
      "name": "车险",
      "font_class": "-",
      "unicode": "e609",
      "unicode_decimal": 58889
    },
    {
      "icon_id": "10487544",
      "name": "电影",
      "font_class": "dianying",
      "unicode": "e694",
      "unicode_decimal": 59028
    },
    {
      "icon_id": "11192552",
      "name": "飞猪",
      "font_class": "feizhu",
      "unicode": "e60a",
      "unicode_decimal": 58890
    },
    {
      "icon_id": "11478562",
      "name": "天猫",
      "font_class": "tianmao",
      "unicode": "e64c",
      "unicode_decimal": 58956
    },
    {
      "icon_id": "11872765",
      "name": "钉钉",
      "font_class": "dingding",
      "unicode": "e8ef",
      "unicode_decimal": 59631
    },
    {
      "icon_id": "12031022",
      "name": "彩票",
      "font_class": "caipiao",
      "unicode": "e60b",
      "unicode_decimal": 58891
    },
    {
      "icon_id": "12572358",
      "name": "游戏",
      "font_class": "youxi",
      "unicode": "e60c",
      "unicode_decimal": 58892
    },
    {
      "icon_id": "11165260",
      "name": "二维码",
      "font_class": "qrcode",
      "unicode": "e605",
      "unicode_decimal": 58885
    },
    {
      "icon_id": "10462093",
      "name": "照相机",
      "font_class": "zhaoxiangji",
      "unicode": "e604",
      "unicode_decimal": 58884
    },
    {
      "icon_id": "5777734",
      "name": "五角星",
      "font_class": "start",
      "unicode": "e602",
      "unicode_decimal": 58882
    },
    {
      "icon_id": "684151",
      "name": "搜索",
      "font_class": "sousuo",
      "unicode": "e689",
      "unicode_decimal": 59017
    },
    {
      "icon_id": "4062782",
      "name": "导航",
      "font_class": "daohang",
      "unicode": "e601",
      "unicode_decimal": 58881
    },
    {
      "icon_id": "9770568",
      "name": "大于",
      "font_class": "dayu",
      "unicode": "e60e",
      "unicode_decimal": 58894
    },
    {
      "icon_id": "9770593",
      "name": "小于",
      "font_class": "xiaoyu",
      "unicode": "e611",
      "unicode_decimal": 58897
    },
    {
      "icon_id": "13512825",
      "name": "大于",
      "font_class": "xia",
      "unicode": "e603",
      "unicode_decimal": 58883
    },
    {
      "icon_id": "3310091",
      "name": "购物车",
      "font_class": "gouwuche1",
      "unicode": "e600",
      "unicode_decimal": 58880
    }
  ]
}
